-- phpMyAdmin SQL Dump
-- version 5.1.1
-- https://www.phpmyadmin.net/
--
-- Host: 127.0.0.1
-- Waktu pembuatan: 22 Jul 2022 pada 13.02
-- Versi server: 10.4.20-MariaDB
-- Versi PHP: 7.3.29

SET SQL_MODE = "NO_AUTO_VALUE_ON_ZERO";
START TRANSACTION;
SET time_zone = "+00:00";


/*!40101 SET @OLD_CHARACTER_SET_CLIENT=@@CHARACTER_SET_CLIENT */;
/*!40101 SET @OLD_CHARACTER_SET_RESULTS=@@CHARACTER_SET_RESULTS */;
/*!40101 SET @OLD_COLLATION_CONNECTION=@@COLLATION_CONNECTION */;
/*!40101 SET NAMES utf8mb4 */;

--
-- Database: `sistem_pakar`
--

-- --------------------------------------------------------

--
-- Struktur dari tabel `detail_penyakit`
--

CREATE TABLE `detail_penyakit` (
  `id_penyakit` varchar(11) NOT NULL,
  `id_gejala` varchar(11) NOT NULL
) ENGINE=InnoDB DEFAULT CHARSET=utf8mb4;

-- --------------------------------------------------------

--
-- Struktur dari tabel `hasil`
--

CREATE TABLE `hasil` (
  `id_hasil` int(10) NOT NULL,
  `tanggal` date NOT NULL,
  `id_user` varchar(5) DEFAULT NULL,
  `penyakit` text DEFAULT NULL,
  `gejala` text DEFAULT NULL,
  `id_penyakit` int(11) DEFAULT NULL,
  `cf_hasil` float DEFAULT NULL
) ENGINE=InnoDB DEFAULT CHARSET=utf8mb4;

--
-- Dumping data untuk tabel `hasil`
--

INSERT INTO `hasil` (`id_hasil`, `tanggal`, `id_user`, `penyakit`, `gejala`, `id_penyakit`, `cf_hasil`) VALUES
(327, '2021-01-22', 'A06', 'a:6:{s:3:\"P03\";s:6:\"0.6400\";s:3:\"P02\";s:6:\"0.5920\";s:3:\"P04\";s:6:\"0.3200\";s:3:\"P06\";s:6:\"0.3200\";s:3:\"P10\";s:6:\"0.3200\";s:3:\"P07\";s:6:\"0.2400\";}', 'a:3:{i:0;s:3:\"G06\";i:1;s:3:\"G07\";i:2;s:3:\"G08\";}', 0, 0.64),
(328, '2021-01-23', 'A06', 'a:2:{s:3:\"P04\";s:6:\"0.6400\";s:3:\"P03\";s:6:\"0.3600\";}', 'a:2:{i:0;s:3:\"G08\";i:1;s:3:\"G09\";}', 0, 0.64),
(329, '2021-01-30', 'A06', 'a:3:{s:3:\"P09\";s:6:\"1.0000\";s:3:\"P05\";s:6:\"0.8000\";s:3:\"P04\";s:6:\"0.6000\";}', 'a:2:{i:0;s:3:\"G15\";i:1;s:3:\"G16\";}', 0, 1),
(330, '2021-02-05', 'A06', 'a:2:{s:3:\"P05\";s:6:\"0.6400\";s:3:\"P06\";s:6:\"0.6000\";}', 'a:2:{i:0;s:3:\"G11\";i:1;s:3:\"G12\";}', 0, 0.64),
(331, '2021-02-06', 'A06', 'a:5:{s:3:\"P01\";s:6:\"0.9488\";s:3:\"P09\";s:6:\"0.8000\";s:3:\"P08\";s:6:\"0.6000\";s:3:\"P07\";s:6:\"0.5440\";s:3:\"P02\";s:6:\"0.4800\";}', 'a:3:{i:0;s:3:\"G01\";i:1;s:3:\"G02\";i:2;s:3:\"G03\";}', 0, 0.9488),
(332, '2021-02-06', 'A06', 'a:5:{s:3:\"P01\";s:6:\"0.9744\";s:3:\"P09\";s:6:\"0.8000\";s:3:\"P08\";s:6:\"0.6000\";s:3:\"P07\";s:6:\"0.5920\";s:3:\"P02\";s:6:\"0.4800\";}', 'a:3:{i:0;s:3:\"G01\";i:1;s:3:\"G02\";i:2;s:3:\"G03\";}', 0, 0.9744),
(333, '2022-07-01', 'A08', 'a:7:{s:3:\"P01\";s:6:\"0.8925\";s:3:\"P05\";s:6:\"0.8320\";s:3:\"P09\";s:6:\"0.8000\";s:3:\"P03\";s:6:\"0.7440\";s:3:\"P08\";s:6:\"0.6000\";s:3:\"P02\";s:6:\"0.5424\";s:3:\"P07\";s:6:\"0.4000\";}', 'a:7:{i:0;s:3:\"G01\";i:1;s:3:\"G03\";i:2;s:3:\"G04\";i:3;s:3:\"G09\";i:4;s:3:\"G10\";i:5;s:3:\"G11\";i:6;s:3:\"G17\";}', 0, 0.8925);

-- --------------------------------------------------------

--
-- Struktur dari tabel `paramedis`
--

CREATE TABLE `paramedis` (
  `id_paramedis` varchar(11) NOT NULL,
  `id_user` varchar(11) NOT NULL,
  `no_identitas` varchar(25) NOT NULL,
  `jabatan` text NOT NULL,
  `no_telepon` varchar(14) NOT NULL,
  `alamat` varchar(100) NOT NULL,
  `instansi` varchar(100) NOT NULL
) ENGINE=InnoDB DEFAULT CHARSET=utf8mb4;

-- --------------------------------------------------------

--
-- Struktur dari tabel `pertanyaan_grup`
--

CREATE TABLE `pertanyaan_grup` (
  `id_pertanyaan_grup` int(11) NOT NULL,
  `nama_pertanyaan_grup` varchar(32) NOT NULL
) ENGINE=InnoDB DEFAULT CHARSET=utf8mb4;

--
-- Dumping data untuk tabel `pertanyaan_grup`
--

INSERT INTO `pertanyaan_grup` (`id_pertanyaan_grup`, `nama_pertanyaan_grup`) VALUES
(1, 'pertanyaan grup 1'),
(2, 'pertanyaan grup 2'),
(3, 'pertanyaan 3'),
(4, 'pertanyaan 4'),
(5, 'pertanyaan 5'),
(6, 'pertanyaan 6'),
(7, 'pertanyaan 7'),
(8, 'pertanyaan 8'),
(9, 'pertanyaan 9'),
(10, 'pertanyaan 10'),
(11, 'pertanyaan_11'),
(12, 'pertanyaan_12');

-- --------------------------------------------------------

--
-- Struktur dari tabel `tb_artikel`
--

CREATE TABLE `tb_artikel` (
  `artikel_id` int(11) NOT NULL,
  `artikel_user_id` int(11) NOT NULL,
  `artikel_judul` varchar(255) NOT NULL,
  `artikel_slug` varchar(255) NOT NULL,
  `artikel_img` varchar(255) NOT NULL,
  `artikel_excerpt` text NOT NULL,
  `artikel_body` text NOT NULL,
  `artikel_create` int(11) DEFAULT NULL,
  `artikel_update` int(11) DEFAULT NULL
) ENGINE=InnoDB DEFAULT CHARSET=latin1;

--
-- Dumping data untuk tabel `tb_artikel`
--

INSERT INTO `tb_artikel` (`artikel_id`, `artikel_user_id`, `artikel_judul`, `artikel_slug`, `artikel_img`, `artikel_excerpt`, `artikel_body`, `artikel_create`, `artikel_update`) VALUES
(4, 3, 'Faktor Resiko Penyakit ISPA khusus nya Difteri', 'faktor-resiko-penyakit-ispa-khusus-nya-difteri.html', 'f8d267e35258819cb4dbb10a7a952d04.jpg', 'Beberapa faktor risiko ISPA, antara lain:\r\n\r\nBayi dari usia 6 bulan atau anak di bawah 1 tahun.\r\nAnak-anak yang lahir prematur atau yang memiliki riwayat jantung bawaan atau penyakit paru-paru.\r\nAnak-anak dengan sistem kekebalan tubuh yang lemah.\r\nBayi yang berada di tempat ramai.\r\nOrang-orang di usia pertengahan.\r\nOrang dewasa yang mengidap penyakit paru obsruktif kronik, gagal jantung progresif, atau asma.\r\nOrang dengan sistem imun lemah, seperti orang dengan transplantasi organ, leukemia, atau HIV/AIDS.\r\nOrang yang dikelilingi dengan pengidap yang bersin atau batuk tanpa menutup hidung dan mulutnya.', '1.Diagnosis\r\nBiasanya dokter akan melakukan pemeriksaan terhadap organ paru, untuk mendengarkan apakah ada suara yang tidak normal saat Anda bernapas. Ada juga beberapa pemeriksaan tambahan yang dibutuhkan, seperti:\r\n\r\nRontgen dada, Pemeriksaan ini membantu dokter untuk mendeteksi pneumonia dan menentukan lokasi infeksi yang menyebabkan penyakit tersebut timbul.\r\n\r\nPemeriksaan darah, Bisa dilakukan untuk melihat adanya infeksi yang ditandai dengan peningkatan sel darah putih.\r\n\r\nPemeriksaan denyut nadi, Cara ini digunakan untuk melihat seberapa banyak kadar oksigen yang beredar dalam tubuh, dan bisa digunakan untuk menentukan separah apa pengaruh pneumonia terhadap pertukaran udara di sistem pernapasan.\r\n\r\nTes dahak, Dahak akan dianalisis untuk melihat kuman yang menyebabkan infeksi pada paru.\r\n\r\n2. Gejala Penyakit Pneumonia\r\nPneumonia biasanya diawal dengan gejala-gejala tertentu terlebih dahulu. Berikut ini gejala-gejala yang biasanya muncul:\r\n\r\nDemam disertai nyeri kepala dan tubuh menggigil.\r\n\r\nBatuk tidak berdahak, ataupun berdahak dengan cairan mengandung nanah yang berwarna kekuningan.\r\n\r\n Nyeri dada yang terasa ketika bernapas hingga napas yang pendek.\r\n\r\n Mual, muntah, dan diare.\r\n\r\n Rasa nyeri pada otot, sendi, serta mudah lelah.\r\n\r\n Denyut nadi yang melemah hingga 100 kali per menit.\r\n\r\n', 1649871977, 1654231875);

-- --------------------------------------------------------

--
-- Struktur dari tabel `tb_deteksi_pasien`
--

CREATE TABLE `tb_deteksi_pasien` (
  `id_deteksi_pasien` int(11) NOT NULL,
  `nama_pasien` varchar(255) NOT NULL,
  `usia` int(11) NOT NULL,
  `no_telfon` varchar(14) NOT NULL,
  `alamat` varchar(255) NOT NULL,
  `jenis_kelamin` varchar(50) NOT NULL,
  `deteksi_hasil_id` int(11) NOT NULL,
  `deteksi_date` timestamp NOT NULL DEFAULT current_timestamp() ON UPDATE current_timestamp()
) ENGINE=InnoDB DEFAULT CHARSET=utf8mb4;

--
-- Dumping data untuk tabel `tb_deteksi_pasien`
--

INSERT INTO `tb_deteksi_pasien` (`id_deteksi_pasien`, `nama_pasien`, `usia`, `no_telfon`, `alamat`, `jenis_kelamin`, `deteksi_hasil_id`, `deteksi_date`) VALUES
(1, 'febiola', 21, '789265986', '356752758', 'perempuan', 0, '2022-05-29 13:54:44'),
(2, 'bagus', 21, '09877654687', 'maesan', 'Laki-laki', 0, '2022-05-29 17:46:38'),
(3, 'nana', 21, '081234231222', 'jatim', 'perempuan', 0, '2022-05-30 06:07:24'),
(4, 'ijal', 20, '08932467618193', 'bws', 'Laki-laki', 0, '2022-05-30 07:29:46'),
(5, 'rizki', 22, '1313414141', 'jawa', 'Laki-laki', 0, '2022-05-30 10:02:26'),
(6, 'edwin sekawanmedia', 26, '0812873731931', 'kediri', 'Laki-laki', 0, '2022-05-30 15:44:44'),
(7, 'sinta ', 17, '081234765678', 'jalan danau toba', 'perempuan', 0, '2022-05-31 00:38:36'),
(8, 'lambang', 67, '08234567898', 'paiton', 'Laki-laki', 0, '2022-05-31 01:32:29'),
(9, 'loli', 21, '081234765678', 'sawahan', 'perempuan', 0, '2022-05-31 04:12:52'),
(10, 'febiolii', 70, '091', 'hu', 'perempuan', 0, '2022-05-31 07:50:52'),
(11, 'loliii', 29, '081234768987', 'jl nuri', 'perempuan', 0, '2022-06-01 07:31:27'),
(12, 'Lilis', 25, '081559855899', 'banyuwangi', 'perempuan', 0, '2022-06-01 14:56:39'),
(13, 'lili', 54, '886756452424', 'jabar', 'perempuan', 0, '2022-06-01 15:03:16'),
(14, 'lol', 23, '234564543', 'jatim', 'perempuan', 0, '2022-06-02 10:15:37'),
(15, 'andri', 61, '081559877654', 'jalan kerta negara nomor 25 dusun Bajo', 'Laki-laki', 0, '2022-06-03 06:17:50'),
(16, 'mariyono', 67, '081558944785', 'jalan danau samosir', 'Laki-laki', 0, '2022-06-03 16:30:18'),
(17, 'romeo', 21, '081987234876', 'jln merapi', 'Laki-laki', 0, '2022-06-03 16:40:06'),
(18, 'lily', 31, '081346876123', 'banyuwangi', 'perempuan', 0, '2022-06-03 16:50:41'),
(19, 'edwin ', 26, '081234543234', 'malang', 'Laki-laki', 0, '2022-06-04 15:33:42'),
(20, 'lulii', 23, '081234876890', 'jatim', 'perempuan', 0, '2022-06-04 15:42:03'),
(21, 'rino', 43, '087656765980', 'jl danau singkarak', 'Laki-laki', 0, '2022-06-05 01:50:41'),
(22, 'lulaaaa', 21, '081234765670', 'surabaya', 'perempuan', 0, '2022-06-05 02:02:09'),
(23, 'badrul', 25, '08124657653', 'jalan nuri', 'Laki-laki', 0, '2022-06-05 07:36:01'),
(24, 'nanda', 23, '082564736567', 'jalan merapi', 'Laki-laki', 0, '2022-06-05 15:50:46'),
(25, 'reni', 43, '081234765678', 'sawahan', 'perempuan', 0, '2022-06-05 18:04:24'),
(26, 'rindi', 23, '081234765678', 'genteng', 'perempuan', 0, '2022-06-06 00:15:22'),
(27, 'ana', 23, '35353535353535', 'jember', 'perempuan', 0, '2022-06-06 00:25:25'),
(28, 'caca', 22, '815598557994', 'jember', 'perempuan', 0, '2022-06-06 00:36:27'),
(29, 'nina', 23, '4564747557', 'jl menco', 'perempuan', 0, '2022-06-06 00:40:59'),
(30, 'nini', 43, '0812347656780', 'jl dewata', 'perempuan', 0, '2022-06-06 00:52:16'),
(31, 'cahyo', 21, '082656748987', 'jl mliwis', 'Laki-laki', 0, '2022-06-06 01:10:02'),
(32, 'loli', 12, '081234657876', 'jember', 'perempuan', 0, '2022-06-06 01:13:04'),
(33, 'loli', 24, '081234765678', 'bwi', 'perempuan', 0, '2022-06-06 01:32:42'),
(34, 'febi', 31, '081234565476', 'banyuwangi', 'perempuan', 0, '2022-06-06 04:04:03'),
(35, 'joko', 40, '0812345678', 'jember', 'Laki-laki', 0, '2022-06-06 04:07:44'),
(36, 'ninda', 23, '08123564567', 'jalan menco', 'perempuan', 0, '2022-06-06 04:18:41'),
(37, 'salsa', 21, '081276534657', 'banyuwangi', 'perempuan', 0, '2022-06-06 04:23:17'),
(38, 'guntur', 23, '087657890987', 'bali', 'Laki-laki', 0, '2022-06-06 04:26:23'),
(39, 'edgdfg', 53, '81559855799354', 'egregt', 'perempuan', 0, '2022-06-06 04:49:07'),
(40, 'nandaa', 23, '0812347656780', 'jalan gajah mada', 'perempuan', 0, '2022-06-06 05:01:56'),
(41, 'bimoli', 54, '4523545', 'xfsfsf', 'Laki-laki', 0, '2022-06-06 05:02:52'),
(42, 'bela', 23, '249079867578', 'malang', 'perempuan', 0, '2022-06-06 05:19:45'),
(43, 'sarul', 29, '081236576567', 'jalan krakatau', 'Laki-laki', 0, '2022-06-06 05:36:07'),
(44, 'ryan', 29, '0987654321', 'situbondo', 'Laki-laki', 0, '2022-06-06 11:59:32'),
(45, 'sfdasfdsf', 54, '08972816216', 'jawatimur', 'Laki-laki', 0, '2022-06-06 12:18:08'),
(46, 'farhan', 28, '08123456789', 'tanggul', 'Laki-laki', 0, '2022-06-06 12:56:23'),
(47, 'farhan', 29, '0812456789', 'tanggul', 'Laki-laki', 0, '2022-06-06 13:11:41'),
(48, 'farhan', 24, '0987654', 'prajekan', 'Laki-laki', 0, '2022-06-06 13:19:51'),
(49, 'fernandes', 67, '0987678678765', 'jalan menco', 'Laki-laki', 0, '2022-06-06 14:36:24'),
(50, 'feb', 24, '08127485790', 'jalan merpati', 'perempuan', 0, '2022-06-06 14:40:59'),
(51, 'nana', 23, '081234657876', 'jalan menco', 'perempuan', 0, '2022-06-07 09:22:55'),
(52, 'ana', 21, '0', 'a', '', 0, '2022-06-07 09:23:47'),
(53, 'febiolii', 21, '081234765678', 'gy', '', 0, '2022-06-07 09:31:31'),
(54, 'rara', 65, '081234543345', 'sawahan', 'perempuan', 0, '2022-06-07 10:54:04'),
(55, 'maimunah', 23, '081231234876', 'jalan manado', 'perempuan', 0, '2022-06-07 18:24:41'),
(56, 'serly', 34, '089876786765', 'jalan krakatau', 'perempuan', 0, '2022-06-07 19:28:04'),
(57, 'fellian', 23, '081238987890', 'pandan', 'Laki-laki', 0, '2022-06-08 03:13:45'),
(58, 'lila', 21, '0842079847289', 'jalan danau', 'perempuan', 0, '2022-06-08 03:20:26'),
(59, 'a', 21, '81559855799', 'a', 'Laki-laki', 0, '2022-06-08 03:27:32'),
(60, 'ana', 21, '081234765678', 'maesan', 'Laki-laki', 0, '2022-06-08 04:38:37'),
(61, 'a', 21, '081234765678', 'a', 'Laki-laki', 0, '2022-06-08 15:34:26'),
(62, 'febiolii', 21, '81559855799', 'qwert', 'Laki-laki', 0, '2022-06-08 15:47:01'),
(63, 'salsabila', 23, '081234898908', 'sawahan', 'perempuan', 0, '2022-06-08 23:15:05'),
(64, 'rendi', 25, '081234890980', 'jalan menco', 'perempuan', 0, '2022-06-08 23:17:28'),
(65, 'nanda', 45, '24', 'bwi', 'perempuan', 0, '2022-06-08 23:19:34'),
(66, 'nita', 32, '09879884682', 'sawahan', 'perempuan', 0, '2022-06-08 23:26:36'),
(67, 'Aji', 35, '08123765876567', 'jember', 'Laki-laki', 0, '2022-06-09 02:09:29'),
(68, 'nina', 21, '081234557897', 'sawahan', '', 0, '2022-07-01 03:13:11'),
(69, 'jgfsjgfsjf', 245, '323242', '2dfgerg', '', 0, '2022-07-01 03:17:05'),
(70, 'jgfsjgfsjf', 245, '323242', '2dfgerg', 'perempuan', 0, '2022-07-01 03:17:16'),
(71, 'hfyfgf', 435, '476', 'gdhg\r\n', 'perempuan', 0, '2022-07-01 03:51:04'),
(72, 'samsudin', 24, '08123457543', '2asfsgfdhdfg', 'Laki-laki', 0, '2022-07-03 05:29:38'),
(73, 'sely', 23, '34325235315', 'jabar', 'perempuan', 0, '2022-07-03 06:00:39'),
(74, 'yudi iriyanto', 23, '0852424253625', 'jl. perikanan', 'Laki-laki', 0, '2022-07-05 16:06:28'),
(75, 'yudi iriyanto', 23, '086765443653', 'jl.perikanan', 'Laki-laki', 0, '2022-07-06 16:26:40'),
(76, 'yudi', 23, '32423412421', 'dgerher', 'Laki-laki', 0, '2022-07-06 18:26:56'),
(77, 'yudi iriyanto', 23, '12314141414', '4efbebbeb', 'Laki-laki', 0, '2022-07-06 18:29:04'),
(78, 'yudi iriyanto', 23, '21442141', 'dfbfbfb', 'Laki-laki', 0, '2022-07-06 18:56:07'),
(79, 'yudi iriyanto', 23, '124154515155', 'ehbrebh', 'Laki-laki', 0, '2022-07-06 21:43:11'),
(80, 'egerg', 34, '23412414', '32r31r13rgsvsrb', 'Laki-laki', 0, '2022-07-09 13:34:10'),
(81, 'lula', 45, '645245287', 'jalan menco', 'perempuan', 0, '2022-07-15 12:11:56'),
(82, 'bagus', 22, '051557877655', 'maesan', 'perempuan', 0, '2022-07-16 07:10:55'),
(83, 'yani', 26, '08123129312312', 'jalan maesan bondowoso', 'perempuan', 0, '2022-07-16 07:54:50'),
(84, 'fellian', 13, '081234587987', 'sawahan', 'Laki-laki', 0, '2022-07-18 10:24:53'),
(85, 'febi', 23, '0812347876123', 'sahawan', 'perempuan', 0, '2022-07-19 03:09:17'),
(86, 'nana', 23, '0831081484284', 'jhurutru', 'perempuan', 0, '2022-07-20 11:18:16'),
(87, 'luli', 25, '081234568798', 'sawahan', 'perempuan', 0, '2022-07-22 03:36:04'),
(88, 'njhjh', 464747474, '577686868', 'nfgndtkyjtiuje', 'perempuan', 0, '2022-07-22 06:34:26');

-- --------------------------------------------------------

--
-- Struktur dari tabel `tb_evidence`
--

CREATE TABLE `tb_evidence` (
  `evidence_id` int(11) NOT NULL,
  `evidence_penyakit_id` int(11) NOT NULL,
  `evidence_gejala_id` int(11) NOT NULL,
  `evidence_kode` varchar(10) NOT NULL,
  `evidence_nilai` float NOT NULL
) ENGINE=InnoDB DEFAULT CHARSET=latin1;

--
-- Dumping data untuk tabel `tb_evidence`
--

INSERT INTO `tb_evidence` (`evidence_id`, `evidence_penyakit_id`, `evidence_gejala_id`, `evidence_kode`, `evidence_nilai`) VALUES
(1, 1, 1, 'E001', 0.8),
(2, 1, 2, 'E002', 1),
(3, 1, 3, 'E003', 1),
(4, 1, 8, 'E004', 1),
(5, 1, 9, 'E005', 1),
(6, 1, 15, 'E006', 1),
(7, 1, 16, 'E007', 0.8),
(8, 1, 18, 'E008', 1),
(9, 1, 19, 'E009', 1),
(10, 1, 21, 'E010', 1),
(11, 1, 22, 'E011', 1),
(12, 1, 24, 'E012', 1),
(13, 1, 28, 'E013', 1),
(14, 1, 30, 'E014', 1),
(15, 1, 33, 'E015', 0.2),
(16, 1, 34, 'E016', 0.6),
(17, 1, 39, 'E017', 1),
(18, 1, 40, 'E018', 1),
(19, 1, 41, 'E019', 1),
(20, 2, 1, 'E020', 1),
(21, 2, 2, 'E021', 1),
(22, 2, 4, 'E022', 1),
(23, 2, 5, 'E023', 0.6),
(24, 2, 6, 'E024', 1),
(25, 2, 7, 'E025', 1),
(26, 2, 10, 'E026', 0.6),
(27, 2, 11, 'E027', 0.8),
(28, 2, 13, 'E028', 0.6),
(29, 2, 14, 'E029', 1),
(30, 2, 15, 'E030', 0.4),
(31, 2, 18, 'E031', 1),
(32, 2, 20, 'E032', 1),
(33, 2, 21, 'E033', 1),
(34, 2, 23, 'E034', 1),
(35, 2, 25, 'E035', 0.4),
(36, 2, 28, 'E036', 1),
(37, 2, 31, 'E037', 1),
(38, 2, 34, 'E038', 1),
(39, 2, 36, 'E039', 0.4),
(40, 2, 40, 'E040', 1),
(41, 2, 41, 'E041', 1),
(42, 3, 1, 'E042', 1),
(43, 3, 5, 'E043', 0.2),
(44, 3, 11, 'E044', 1),
(45, 3, 12, 'E045', 1),
(46, 3, 14, 'E046', 1),
(47, 3, 17, 'E047', 1),
(48, 3, 20, 'E048', 1),
(49, 3, 23, 'E049', 1),
(50, 3, 26, 'E050', 1),
(51, 3, 29, 'E051', 1),
(52, 3, 32, 'E052', 1),
(53, 3, 36, 'E053', 0.8),
(54, 3, 37, 'E054', 1),
(55, 3, 38, 'E055', 1),
(56, 3, 41, 'E056', 1),
(57, 4, 1, 'E057', 1),
(58, 4, 2, 'E058', 0.6),
(59, 4, 3, 'E059', 0.6),
(60, 4, 5, 'E060', 0.2),
(61, 4, 10, 'E061', 0.2),
(62, 4, 13, 'E062', 0.2),
(63, 4, 14, 'E063', 0.2),
(64, 4, 16, 'E064', 1),
(65, 4, 18, 'E065', 1),
(66, 4, 19, 'E066', 1),
(67, 4, 21, 'E067', 1),
(68, 4, 22, 'E068', 1),
(69, 4, 25, 'E069', 1),
(70, 4, 27, 'E070', 1),
(71, 4, 28, 'E071', 0.8),
(72, 4, 31, 'E072', 1),
(73, 4, 34, 'E073', 1),
(74, 4, 35, 'E074', 1),
(75, 4, 36, 'E075', 1),
(76, 4, 41, 'E076', 1);

-- --------------------------------------------------------

--
-- Struktur dari tabel `tb_gejala`
--

CREATE TABLE `tb_gejala` (
  `id_gejala` int(11) NOT NULL,
  `kode_gejala` varchar(10) NOT NULL,
  `nama_gejala` varchar(100) NOT NULL,
  `image_gejala` varchar(128) NOT NULL,
  `gejala_inputdate` timestamp NOT NULL DEFAULT current_timestamp() ON UPDATE current_timestamp()
) ENGINE=InnoDB DEFAULT CHARSET=utf8mb4;

--
-- Dumping data untuk tabel `tb_gejala`
--

INSERT INTO `tb_gejala` (`id_gejala`, `kode_gejala`, `nama_gejala`, `image_gejala`, `gejala_inputdate`) VALUES
(1, 'G001', 'Bepergian ke luar kota atau luar negeri dalam kurun waktu 1 minggu', '', '2022-07-21 11:23:50'),
(2, 'G002', 'Kelelahan atau lemes (malaise)', '', '2022-07-21 11:23:50'),
(3, 'G003', 'Penurunan nafsu makan', '', '2022-07-21 11:32:55'),
(4, 'G004', 'Pegal linu (myalgia)', '', '2022-07-21 11:32:55'),
(5, 'G005', 'mual atau muntah', '', '2022-07-21 11:57:09'),
(6, 'G006', 'gangguan perasa(tidak bisa merasakan makanan)', '', '0000-00-00 00:00:00'),
(7, 'G007', 'anosmia(tidak bisa mencium bau)', '', '0000-00-00 00:00:00'),
(8, 'G008', 'penurunan berat badan', '', '0000-00-00 00:00:00'),
(9, 'G009', 'berkeringat di malam hari tanpa sebab ', '', '0000-00-00 00:00:00'),
(10, 'G0010', 'bersin - bersin', '', '0000-00-00 00:00:00'),
(11, 'G0011', 'nyeri tenggorokan', '', '0000-00-00 00:00:00'),
(12, 'G0012', 'suara serak', '', '0000-00-00 00:00:00'),
(13, 'G0013', 'pilek', '', '0000-00-00 00:00:00'),
(14, 'G0014', 'sakit kepala', '', '0000-00-00 00:00:00'),
(15, 'G0015A', 'batuk terus menerus', '', '0000-00-00 00:00:00'),
(16, 'G0015B', 'batuk  sering', '', '0000-00-00 00:00:00'),
(17, 'G0015C', 'batuk jarang', '', '0000-00-00 00:00:00'),
(18, 'G0016A', 'batuk berdahak', '', '0000-00-00 00:00:00'),
(19, 'G0016B', 'batuk berdarah', '', '0000-00-00 00:00:00'),
(20, 'G0016C', 'batuk kering', '', '0000-00-00 00:00:00'),
(21, 'G0017A', 'warna dahak kuning kehijauan', '', '0000-00-00 00:00:00'),
(22, 'G0017B', 'warna dahak merah', '', '0000-00-00 00:00:00'),
(23, 'G0017C', 'tidak ada warna dahak', '', '0000-00-00 00:00:00'),
(24, 'G0018A', 'batuk lebih dari 21 hari', '', '0000-00-00 00:00:00'),
(25, 'G0018B', 'batuk kurang dari 14 hari', '', '0000-00-00 00:00:00'),
(26, 'G0018C', 'batuk kurang dari 7 hari', '', '0000-00-00 00:00:00'),
(27, 'G0019A', 'demam dengan suhu lebih dari 39 derajat', '', '0000-00-00 00:00:00'),
(28, 'G0019B', 'demam dengan suhu antara 38 sampai 39 derajat', '', '0000-00-00 00:00:00'),
(29, 'G0019C', 'demam dengan suhu antara 37 sampai 37,9 derajat', '', '0000-00-00 00:00:00'),
(30, 'G0020A', 'Demam selama lebih dari 21 hari ', '', '0000-00-00 00:00:00'),
(31, 'G0020B', 'Demam selama kurang dari 14 hari', '', '0000-00-00 00:00:00'),
(32, 'G0020C', 'Demam selama kurang dari 7 hari', '', '0000-00-00 00:00:00'),
(33, 'G0021', 'nyeri dada', '', '0000-00-00 00:00:00'),
(34, 'G0022', 'sesak nafas', '', '0000-00-00 00:00:00'),
(35, 'G0023', 'bunyi nafas tambahan (grok grok)', '', '0000-00-00 00:00:00'),
(36, 'G0024', 'denyut jantung cepat', '', '0000-00-00 00:00:00'),
(37, 'G0025', 'bercak putih atau keabuan pada tonsil', '', '0000-00-00 00:00:00'),
(38, 'G0026', 'benjolan pada leher belakang ', '', '0000-00-00 00:00:00'),
(39, 'G0027', 'memiliki riwayat hiv', '', '0000-00-00 00:00:00'),
(40, 'G0028', 'memiliki riwayat penyakit bawaan (diabetes, jantung koroner, darah tinggi, asma, ginjal, kanker )', '', '0000-00-00 00:00:00'),
(41, 'G0029', 'pernah kontak langsung dengan pasien TBC, Covid 19, Difteri dan Pneumonia', '', '0000-00-00 00:00:00'),
(42, 'G0030', 'tidak mengalami gejala ', '', '2022-07-21 15:33:49');

-- --------------------------------------------------------

--
-- Struktur dari tabel `tb_hasilkonsultasi`
--

CREATE TABLE `tb_hasilkonsultasi` (
  `hasildeteksi_id` int(11) NOT NULL,
  `hasildeteksi_deteksi_id` int(11) NOT NULL,
  `hasildeteksi_deteksi_hasil_penyakit` int(11) NOT NULL,
  `hasildeteksi_prosentase` int(11) NOT NULL
) ENGINE=InnoDB DEFAULT CHARSET=utf8mb4;

--
-- Dumping data untuk tabel `tb_hasilkonsultasi`
--

INSERT INTO `tb_hasilkonsultasi` (`hasildeteksi_id`, `hasildeteksi_deteksi_id`, `hasildeteksi_deteksi_hasil_penyakit`, `hasildeteksi_prosentase`) VALUES
(51, 4, 1, 0),
(52, 4, 2, 0),
(53, 4, 3, 0),
(54, 4, 4, 0),
(55, 4, 5, 0),
(56, 4, 6, 0),
(57, 4, 7, 0),
(58, 4, 8, 0),
(59, 4, 9, 0),
(60, 4, 10, 100),
(71, 6, 1, 0),
(72, 6, 2, 0),
(73, 6, 3, 0),
(74, 6, 4, 7),
(75, 6, 5, 1),
(76, 6, 6, 0),
(77, 6, 7, 0),
(78, 6, 8, 29),
(79, 6, 9, 63),
(80, 6, 10, 0),
(91, 8, 1, 0),
(92, 8, 2, 0),
(93, 8, 3, 0),
(94, 8, 4, 0),
(95, 8, 5, 0),
(96, 8, 6, 0),
(97, 8, 7, 0),
(98, 8, 8, 99),
(99, 8, 9, 1),
(100, 8, 10, 0),
(101, 9, 1, 0),
(102, 9, 2, 5),
(103, 9, 3, 0),
(104, 9, 4, 88),
(105, 9, 5, 2),
(106, 9, 6, 1),
(107, 9, 7, 1),
(108, 9, 8, 1),
(109, 9, 9, 1),
(110, 9, 10, 0),
(121, 11, 1, 0),
(122, 11, 2, 2),
(123, 11, 3, 1),
(124, 11, 4, 0),
(125, 11, 5, 0),
(126, 11, 6, 7),
(127, 11, 7, 0),
(128, 11, 8, 1),
(129, 11, 9, 2),
(130, 11, 10, 87),
(131, 12, 1, 0),
(132, 12, 2, 48),
(133, 12, 3, 0),
(134, 12, 4, 1),
(135, 12, 5, 0),
(136, 12, 6, 0),
(137, 12, 7, 3),
(138, 12, 8, 20),
(139, 12, 9, 27),
(140, 12, 10, 0),
(141, 12, 1, 0),
(142, 12, 2, 48),
(143, 12, 3, 0),
(144, 12, 4, 1),
(145, 12, 5, 0),
(146, 12, 6, 0),
(147, 12, 7, 3),
(148, 12, 8, 20),
(149, 12, 9, 27),
(150, 12, 10, 0),
(151, 12, 1, 0),
(152, 12, 2, 48),
(153, 12, 3, 0),
(154, 12, 4, 1),
(155, 12, 5, 0),
(156, 12, 6, 0),
(157, 12, 7, 3),
(158, 12, 8, 20),
(159, 12, 9, 27),
(160, 12, 10, 0),
(161, 12, 1, 0),
(162, 12, 2, 48),
(163, 12, 3, 0),
(164, 12, 4, 1),
(165, 12, 5, 0),
(166, 12, 6, 0),
(167, 12, 7, 3),
(168, 12, 8, 20),
(169, 12, 9, 27),
(170, 12, 10, 0),
(171, 12, 1, 0),
(172, 12, 2, 2),
(173, 12, 3, 0),
(174, 12, 4, 1),
(175, 12, 5, 0),
(176, 12, 6, 0),
(177, 12, 7, 0),
(178, 12, 8, 41),
(179, 12, 9, 55),
(180, 12, 10, 0),
(181, 12, 1, 0),
(182, 12, 2, 2),
(183, 12, 3, 0),
(184, 12, 4, 1),
(185, 12, 5, 0),
(186, 12, 6, 0),
(187, 12, 7, 0),
(188, 12, 8, 41),
(189, 12, 9, 55),
(190, 12, 10, 0),
(191, 13, 1, 92),
(192, 13, 2, 0),
(193, 13, 3, 0),
(194, 13, 4, 0),
(195, 13, 5, 0),
(196, 13, 6, 0),
(197, 13, 7, 0),
(198, 13, 8, 0),
(199, 13, 9, 8),
(200, 13, 10, 0),
(201, 13, 1, 92),
(202, 13, 2, 0),
(203, 13, 3, 0),
(204, 13, 4, 0),
(205, 13, 5, 0),
(206, 13, 6, 0),
(207, 13, 7, 0),
(208, 13, 8, 0),
(209, 13, 9, 8),
(210, 13, 10, 0),
(211, 13, 1, 92),
(212, 13, 2, 0),
(213, 13, 3, 0),
(214, 13, 4, 0),
(215, 13, 5, 0),
(216, 13, 6, 0),
(217, 13, 7, 0),
(218, 13, 8, 0),
(219, 13, 9, 8),
(220, 13, 10, 0),
(221, 13, 1, 92),
(222, 13, 2, 0),
(223, 13, 3, 0),
(224, 13, 4, 0),
(225, 13, 5, 0),
(226, 13, 6, 0),
(227, 13, 7, 0),
(228, 13, 8, 0),
(229, 13, 9, 8),
(230, 13, 10, 0),
(231, 14, 1, 0),
(232, 14, 2, 79),
(233, 14, 3, 0),
(234, 14, 4, 0),
(235, 14, 5, 0),
(236, 14, 6, 0),
(237, 14, 7, 17),
(238, 14, 8, 0),
(239, 14, 9, 3),
(240, 14, 10, 0),
(241, 15, 1, 0),
(242, 15, 2, 0),
(243, 15, 3, 0),
(244, 15, 4, 0),
(245, 15, 5, 0),
(246, 15, 6, 0),
(247, 15, 7, 0),
(248, 15, 8, 0),
(249, 15, 9, 84),
(250, 15, 10, 15),
(251, 16, 1, 47),
(252, 16, 2, 8),
(253, 16, 3, 1),
(254, 16, 4, 1),
(255, 16, 5, 2),
(256, 16, 6, 1),
(257, 16, 7, 0),
(258, 16, 8, 36),
(259, 16, 9, 2),
(260, 16, 10, 2),
(261, 16, 1, 33),
(262, 16, 2, 33),
(263, 16, 3, 1),
(264, 16, 4, 1),
(265, 16, 5, 1),
(266, 16, 6, 3),
(267, 16, 7, 0),
(268, 16, 8, 25),
(269, 16, 9, 1),
(270, 16, 10, 1),
(271, 16, 1, 11),
(272, 16, 2, 1),
(273, 16, 3, 6),
(274, 16, 4, 54),
(275, 16, 5, 2),
(276, 16, 6, 1),
(277, 16, 7, 1),
(278, 16, 8, 4),
(279, 16, 9, 9),
(280, 16, 10, 11),
(281, 16, 1, 3),
(282, 16, 2, 51),
(283, 16, 3, 12),
(284, 16, 4, 2),
(285, 16, 5, 1),
(286, 16, 6, 8),
(287, 16, 7, 1),
(288, 16, 8, 1),
(289, 16, 9, 2),
(290, 16, 10, 19),
(291, 18, 1, 0),
(292, 18, 2, 0),
(293, 18, 3, 0),
(294, 18, 4, 0),
(295, 18, 5, 2),
(296, 18, 6, 2),
(297, 18, 7, 95),
(298, 18, 8, 0),
(299, 18, 9, 0),
(300, 18, 10, 0),
(301, 19, 1, 11),
(302, 19, 2, 1),
(303, 19, 3, 6),
(304, 19, 4, 54),
(305, 19, 5, 2),
(306, 19, 6, 1),
(307, 19, 7, 1),
(308, 19, 8, 4),
(309, 19, 9, 9),
(310, 19, 10, 11),
(311, 20, 1, 7),
(312, 20, 2, 1),
(313, 20, 3, 29),
(314, 20, 4, 4),
(315, 20, 5, 1),
(316, 20, 6, 3),
(317, 20, 7, 1),
(318, 20, 8, 3),
(319, 20, 9, 6),
(320, 20, 10, 46),
(321, 21, 1, 21),
(322, 21, 2, 2),
(323, 21, 3, 11),
(324, 21, 4, 13),
(325, 21, 5, 4),
(326, 21, 6, 1),
(327, 21, 7, 2),
(328, 21, 8, 8),
(329, 21, 9, 17),
(330, 21, 10, 22),
(331, 22, 1, 1),
(332, 22, 2, 0),
(333, 22, 3, 47),
(334, 22, 4, 0),
(335, 22, 5, 0),
(336, 22, 6, 4),
(337, 22, 7, 0),
(338, 22, 8, 0),
(339, 22, 9, 1),
(340, 22, 10, 47),
(341, 23, 1, 4),
(342, 23, 2, 0),
(343, 23, 3, 0),
(344, 23, 4, 0),
(345, 23, 5, 0),
(346, 23, 6, 0),
(347, 23, 7, 0),
(348, 23, 8, 88),
(349, 23, 9, 4),
(350, 23, 10, 3),
(351, 23, 1, 4),
(352, 23, 2, 0),
(353, 23, 3, 0),
(354, 23, 4, 0),
(355, 23, 5, 0),
(356, 23, 6, 0),
(357, 23, 7, 0),
(358, 23, 8, 88),
(359, 23, 9, 4),
(360, 23, 10, 3),
(361, 23, 1, 4),
(362, 23, 2, 0),
(363, 23, 3, 0),
(364, 23, 4, 0),
(365, 23, 5, 0),
(366, 23, 6, 0),
(367, 23, 7, 0),
(368, 23, 8, 88),
(369, 23, 9, 4),
(370, 23, 10, 3),
(371, 23, 1, 4),
(372, 23, 2, 0),
(373, 23, 3, 0),
(374, 23, 4, 0),
(375, 23, 5, 0),
(376, 23, 6, 0),
(377, 23, 7, 0),
(378, 23, 8, 88),
(379, 23, 9, 4),
(380, 23, 10, 3),
(381, 23, 1, 4),
(382, 23, 2, 0),
(383, 23, 3, 0),
(384, 23, 4, 0),
(385, 23, 5, 0),
(386, 23, 6, 0),
(387, 23, 7, 0),
(388, 23, 8, 88),
(389, 23, 9, 4),
(390, 23, 10, 3),
(391, 23, 1, 4),
(392, 23, 2, 0),
(393, 23, 3, 0),
(394, 23, 4, 0),
(395, 23, 5, 0),
(396, 23, 6, 0),
(397, 23, 7, 0),
(398, 23, 8, 88),
(399, 23, 9, 4),
(400, 23, 10, 3),
(401, 23, 1, 4),
(402, 23, 2, 0),
(403, 23, 3, 0),
(404, 23, 4, 0),
(405, 23, 5, 0),
(406, 23, 6, 0),
(407, 23, 7, 0),
(408, 23, 8, 88),
(409, 23, 9, 4),
(410, 23, 10, 3),
(411, 23, 1, 4),
(412, 23, 2, 0),
(413, 23, 3, 0),
(414, 23, 4, 0),
(415, 23, 5, 0),
(416, 23, 6, 0),
(417, 23, 7, 0),
(418, 23, 8, 88),
(419, 23, 9, 4),
(420, 23, 10, 3),
(421, 23, 1, 4),
(422, 23, 2, 0),
(423, 23, 3, 0),
(424, 23, 4, 0),
(425, 23, 5, 0),
(426, 23, 6, 0),
(427, 23, 7, 0),
(428, 23, 8, 88),
(429, 23, 9, 4),
(430, 23, 10, 3),
(431, 23, 1, 4),
(432, 23, 2, 0),
(433, 23, 3, 0),
(434, 23, 4, 0),
(435, 23, 5, 0),
(436, 23, 6, 0),
(437, 23, 7, 0),
(438, 23, 8, 88),
(439, 23, 9, 4),
(440, 23, 10, 3),
(441, 23, 1, 4),
(442, 23, 2, 0),
(443, 23, 3, 0),
(444, 23, 4, 0),
(445, 23, 5, 0),
(446, 23, 6, 0),
(447, 23, 7, 0),
(448, 23, 8, 88),
(449, 23, 9, 4),
(450, 23, 10, 3),
(451, 23, 1, 4),
(452, 23, 2, 0),
(453, 23, 3, 0),
(454, 23, 4, 0),
(455, 23, 5, 0),
(456, 23, 6, 0),
(457, 23, 7, 0),
(458, 23, 8, 88),
(459, 23, 9, 4),
(460, 23, 10, 3),
(461, 23, 1, 4),
(462, 23, 2, 0),
(463, 23, 3, 0),
(464, 23, 4, 0),
(465, 23, 5, 0),
(466, 23, 6, 0),
(467, 23, 7, 0),
(468, 23, 8, 88),
(469, 23, 9, 4),
(470, 23, 10, 3),
(471, 23, 1, 4),
(472, 23, 2, 0),
(473, 23, 3, 0),
(474, 23, 4, 0),
(475, 23, 5, 0),
(476, 23, 6, 0),
(477, 23, 7, 0),
(478, 23, 8, 88),
(479, 23, 9, 4),
(480, 23, 10, 3),
(481, 23, 1, 4),
(482, 23, 2, 0),
(483, 23, 3, 0),
(484, 23, 4, 0),
(485, 23, 5, 0),
(486, 23, 6, 0),
(487, 23, 7, 0),
(488, 23, 8, 88),
(489, 23, 9, 4),
(490, 23, 10, 3),
(491, 24, 1, 16),
(492, 24, 2, 2),
(493, 24, 3, 2),
(494, 24, 4, 0),
(495, 24, 5, 0),
(496, 24, 6, 12),
(497, 24, 7, 7),
(498, 24, 8, 58),
(499, 24, 9, 0),
(500, 24, 10, 3),
(501, 25, 1, 19),
(502, 25, 2, 3),
(503, 25, 3, 0),
(504, 25, 4, 0),
(505, 25, 5, 0),
(506, 25, 6, 4),
(507, 25, 7, 0),
(508, 25, 8, 4),
(509, 25, 9, 59),
(510, 25, 10, 10),
(511, 26, 1, 1),
(512, 26, 2, 9),
(513, 26, 3, 0),
(514, 26, 4, 1),
(515, 26, 5, 0),
(516, 26, 6, 0),
(517, 26, 7, 42),
(518, 26, 8, 3),
(519, 26, 9, 42),
(520, 26, 10, 1),
(521, 27, 1, 10),
(522, 27, 2, 66),
(523, 27, 3, 0),
(524, 27, 4, 0),
(525, 27, 5, 0),
(526, 27, 6, 2),
(527, 27, 7, 3),
(528, 27, 8, 11),
(529, 27, 9, 3),
(530, 27, 10, 4),
(531, 28, 1, 95),
(532, 28, 2, 0),
(533, 28, 3, 0),
(534, 28, 4, 0),
(535, 28, 5, 0),
(536, 28, 6, 0),
(537, 28, 7, 0),
(538, 28, 8, 0),
(539, 28, 9, 0),
(540, 28, 10, 4),
(541, 28, 1, 95),
(542, 28, 2, 0),
(543, 28, 3, 0),
(544, 28, 4, 0),
(545, 28, 5, 0),
(546, 28, 6, 0),
(547, 28, 7, 0),
(548, 28, 8, 0),
(549, 28, 9, 0),
(550, 28, 10, 4),
(551, 28, 1, 95),
(552, 28, 2, 0),
(553, 28, 3, 0),
(554, 28, 4, 0),
(555, 28, 5, 0),
(556, 28, 6, 0),
(557, 28, 7, 0),
(558, 28, 8, 0),
(559, 28, 9, 0),
(560, 28, 10, 4),
(561, 28, 1, 95),
(562, 28, 2, 0),
(563, 28, 3, 0),
(564, 28, 4, 0),
(565, 28, 5, 0),
(566, 28, 6, 0),
(567, 28, 7, 0),
(568, 28, 8, 0),
(569, 28, 9, 0),
(570, 28, 10, 4),
(571, 28, 1, 95),
(572, 28, 2, 0),
(573, 28, 3, 0),
(574, 28, 4, 0),
(575, 28, 5, 0),
(576, 28, 6, 0),
(577, 28, 7, 0),
(578, 28, 8, 0),
(579, 28, 9, 0),
(580, 28, 10, 4),
(581, 28, 1, 95),
(582, 28, 2, 0),
(583, 28, 3, 0),
(584, 28, 4, 0),
(585, 28, 5, 0),
(586, 28, 6, 0),
(587, 28, 7, 0),
(588, 28, 8, 0),
(589, 28, 9, 0),
(590, 28, 10, 4),
(591, 28, 1, 95),
(592, 28, 2, 0),
(593, 28, 3, 0),
(594, 28, 4, 0),
(595, 28, 5, 0),
(596, 28, 6, 0),
(597, 28, 7, 0),
(598, 28, 8, 0),
(599, 28, 9, 0),
(600, 28, 10, 4),
(601, 28, 1, 95),
(602, 28, 2, 0),
(603, 28, 3, 0),
(604, 28, 4, 0),
(605, 28, 5, 0),
(606, 28, 6, 0),
(607, 28, 7, 0),
(608, 28, 8, 0),
(609, 28, 9, 0),
(610, 28, 10, 4),
(611, 28, 1, 95),
(612, 28, 2, 0),
(613, 28, 3, 0),
(614, 28, 4, 0),
(615, 28, 5, 0),
(616, 28, 6, 0),
(617, 28, 7, 0),
(618, 28, 8, 0),
(619, 28, 9, 0),
(620, 28, 10, 4),
(621, 28, 1, 95),
(622, 28, 2, 0),
(623, 28, 3, 0),
(624, 28, 4, 0),
(625, 28, 5, 0),
(626, 28, 6, 0),
(627, 28, 7, 0),
(628, 28, 8, 0),
(629, 28, 9, 0),
(630, 28, 10, 4),
(631, 28, 1, 95),
(632, 28, 2, 0),
(633, 28, 3, 0),
(634, 28, 4, 0),
(635, 28, 5, 0),
(636, 28, 6, 0),
(637, 28, 7, 0),
(638, 28, 8, 0),
(639, 28, 9, 0),
(640, 28, 10, 4),
(641, 28, 1, 95),
(642, 28, 2, 0),
(643, 28, 3, 0),
(644, 28, 4, 0),
(645, 28, 5, 0),
(646, 28, 6, 0),
(647, 28, 7, 0),
(648, 28, 8, 0),
(649, 28, 9, 0),
(650, 28, 10, 4),
(651, 28, 1, 95),
(652, 28, 2, 0),
(653, 28, 3, 0),
(654, 28, 4, 0),
(655, 28, 5, 0),
(656, 28, 6, 0),
(657, 28, 7, 0),
(658, 28, 8, 0),
(659, 28, 9, 0),
(660, 28, 10, 4),
(661, 28, 1, 95),
(662, 28, 2, 0),
(663, 28, 3, 0),
(664, 28, 4, 0),
(665, 28, 5, 0),
(666, 28, 6, 0),
(667, 28, 7, 0),
(668, 28, 8, 0),
(669, 28, 9, 0),
(670, 28, 10, 4),
(671, 28, 1, 95),
(672, 28, 2, 0),
(673, 28, 3, 0),
(674, 28, 4, 0),
(675, 28, 5, 0),
(676, 28, 6, 0),
(677, 28, 7, 0),
(678, 28, 8, 0),
(679, 28, 9, 0),
(680, 28, 10, 4),
(681, 28, 1, 95),
(682, 28, 2, 0),
(683, 28, 3, 0),
(684, 28, 4, 0),
(685, 28, 5, 0),
(686, 28, 6, 0),
(687, 28, 7, 0),
(688, 28, 8, 0),
(689, 28, 9, 0),
(690, 28, 10, 4),
(691, 28, 1, 95),
(692, 28, 2, 0),
(693, 28, 3, 0),
(694, 28, 4, 0),
(695, 28, 5, 0),
(696, 28, 6, 0),
(697, 28, 7, 0),
(698, 28, 8, 0),
(699, 28, 9, 0),
(700, 28, 10, 4),
(701, 28, 1, 96),
(702, 28, 2, 0),
(703, 28, 3, 0),
(704, 28, 4, 0),
(705, 28, 5, 0),
(706, 28, 6, 0),
(707, 28, 7, 0),
(708, 28, 8, 0),
(709, 28, 9, 0),
(710, 28, 10, 3),
(711, 28, 1, 96),
(712, 28, 2, 0),
(713, 28, 3, 0),
(714, 28, 4, 0),
(715, 28, 5, 0),
(716, 28, 6, 0),
(717, 28, 7, 0),
(718, 28, 8, 0),
(719, 28, 9, 0),
(720, 28, 10, 3),
(721, 28, 1, 96),
(722, 28, 2, 0),
(723, 28, 3, 0),
(724, 28, 4, 0),
(725, 28, 5, 0),
(726, 28, 6, 0),
(727, 28, 7, 0),
(728, 28, 8, 0),
(729, 28, 9, 0),
(730, 28, 10, 3),
(731, 28, 1, 96),
(732, 28, 2, 0),
(733, 28, 3, 0),
(734, 28, 4, 0),
(735, 28, 5, 0),
(736, 28, 6, 0),
(737, 28, 7, 0),
(738, 28, 8, 0),
(739, 28, 9, 0),
(740, 28, 10, 3),
(741, 28, 1, 96),
(742, 28, 2, 0),
(743, 28, 3, 0),
(744, 28, 4, 0),
(745, 28, 5, 0),
(746, 28, 6, 0),
(747, 28, 7, 0),
(748, 28, 8, 0),
(749, 28, 9, 0),
(750, 28, 10, 3),
(751, 28, 1, 96),
(752, 28, 2, 0),
(753, 28, 3, 0),
(754, 28, 4, 0),
(755, 28, 5, 0),
(756, 28, 6, 0),
(757, 28, 7, 0),
(758, 28, 8, 0),
(759, 28, 9, 0),
(760, 28, 10, 3),
(761, 28, 1, 96),
(762, 28, 2, 0),
(763, 28, 3, 0),
(764, 28, 4, 0),
(765, 28, 5, 0),
(766, 28, 6, 0),
(767, 28, 7, 0),
(768, 28, 8, 0),
(769, 28, 9, 0),
(770, 28, 10, 3),
(771, 28, 1, 96),
(772, 28, 2, 0),
(773, 28, 3, 0),
(774, 28, 4, 0),
(775, 28, 5, 0),
(776, 28, 6, 0),
(777, 28, 7, 0),
(778, 28, 8, 0),
(779, 28, 9, 0),
(780, 28, 10, 3),
(781, 28, 1, 96),
(782, 28, 2, 0),
(783, 28, 3, 0),
(784, 28, 4, 0),
(785, 28, 5, 0),
(786, 28, 6, 0),
(787, 28, 7, 0),
(788, 28, 8, 0),
(789, 28, 9, 0),
(790, 28, 10, 3),
(791, 28, 1, 96),
(792, 28, 2, 0),
(793, 28, 3, 0),
(794, 28, 4, 0),
(795, 28, 5, 0),
(796, 28, 6, 0),
(797, 28, 7, 0),
(798, 28, 8, 0),
(799, 28, 9, 0),
(800, 28, 10, 3),
(801, 28, 1, 96),
(802, 28, 2, 0),
(803, 28, 3, 0),
(804, 28, 4, 0),
(805, 28, 5, 0),
(806, 28, 6, 0),
(807, 28, 7, 0),
(808, 28, 8, 0),
(809, 28, 9, 0),
(810, 28, 10, 3),
(811, 28, 1, 96),
(812, 28, 2, 0),
(813, 28, 3, 0),
(814, 28, 4, 0),
(815, 28, 5, 0),
(816, 28, 6, 0),
(817, 28, 7, 0),
(818, 28, 8, 0),
(819, 28, 9, 0),
(820, 28, 10, 3),
(821, 28, 1, 96),
(822, 28, 2, 0),
(823, 28, 3, 0),
(824, 28, 4, 0),
(825, 28, 5, 0),
(826, 28, 6, 0),
(827, 28, 7, 0),
(828, 28, 8, 0),
(829, 28, 9, 0),
(830, 28, 10, 3),
(831, 28, 1, 96),
(832, 28, 2, 0),
(833, 28, 3, 0),
(834, 28, 4, 0),
(835, 28, 5, 0),
(836, 28, 6, 0),
(837, 28, 7, 0),
(838, 28, 8, 0),
(839, 28, 9, 0),
(840, 28, 10, 3),
(841, 28, 1, 96),
(842, 28, 2, 0),
(843, 28, 3, 0),
(844, 28, 4, 0),
(845, 28, 5, 0),
(846, 28, 6, 0),
(847, 28, 7, 0),
(848, 28, 8, 0),
(849, 28, 9, 0),
(850, 28, 10, 3),
(851, 28, 1, 96),
(852, 28, 2, 0),
(853, 28, 3, 0),
(854, 28, 4, 0),
(855, 28, 5, 0),
(856, 28, 6, 0),
(857, 28, 7, 0),
(858, 28, 8, 0),
(859, 28, 9, 0),
(860, 28, 10, 3),
(861, 28, 1, 96),
(862, 28, 2, 0),
(863, 28, 3, 0),
(864, 28, 4, 0),
(865, 28, 5, 0),
(866, 28, 6, 0),
(867, 28, 7, 0),
(868, 28, 8, 0),
(869, 28, 9, 0),
(870, 28, 10, 3),
(871, 28, 1, 96),
(872, 28, 2, 0),
(873, 28, 3, 0),
(874, 28, 4, 0),
(875, 28, 5, 0),
(876, 28, 6, 0),
(877, 28, 7, 0),
(878, 28, 8, 0),
(879, 28, 9, 0),
(880, 28, 10, 3),
(881, 28, 1, 96),
(882, 28, 2, 0),
(883, 28, 3, 0),
(884, 28, 4, 0),
(885, 28, 5, 0),
(886, 28, 6, 0),
(887, 28, 7, 0),
(888, 28, 8, 0),
(889, 28, 9, 0),
(890, 28, 10, 3),
(891, 28, 1, 96),
(892, 28, 2, 0),
(893, 28, 3, 0),
(894, 28, 4, 0),
(895, 28, 5, 0),
(896, 28, 6, 0),
(897, 28, 7, 0),
(898, 28, 8, 0),
(899, 28, 9, 0),
(900, 28, 10, 3),
(901, 28, 1, 96),
(902, 28, 2, 0),
(903, 28, 3, 0),
(904, 28, 4, 0),
(905, 28, 5, 0),
(906, 28, 6, 0),
(907, 28, 7, 0),
(908, 28, 8, 0),
(909, 28, 9, 0),
(910, 28, 10, 3),
(911, 28, 1, 96),
(912, 28, 2, 0),
(913, 28, 3, 0),
(914, 28, 4, 0),
(915, 28, 5, 0),
(916, 28, 6, 0),
(917, 28, 7, 0),
(918, 28, 8, 0),
(919, 28, 9, 0),
(920, 28, 10, 3),
(921, 28, 1, 96),
(922, 28, 2, 0),
(923, 28, 3, 0),
(924, 28, 4, 0),
(925, 28, 5, 0),
(926, 28, 6, 0),
(927, 28, 7, 0),
(928, 28, 8, 0),
(929, 28, 9, 0),
(930, 28, 10, 3),
(931, 28, 1, 96),
(932, 28, 2, 0),
(933, 28, 3, 0),
(934, 28, 4, 0),
(935, 28, 5, 0),
(936, 28, 6, 0),
(937, 28, 7, 0),
(938, 28, 8, 0),
(939, 28, 9, 0),
(940, 28, 10, 3),
(941, 28, 1, 96),
(942, 28, 2, 0),
(943, 28, 3, 0),
(944, 28, 4, 0),
(945, 28, 5, 0),
(946, 28, 6, 0),
(947, 28, 7, 0),
(948, 28, 8, 0),
(949, 28, 9, 0),
(950, 28, 10, 3),
(951, 28, 1, 96),
(952, 28, 2, 0),
(953, 28, 3, 0),
(954, 28, 4, 0),
(955, 28, 5, 0),
(956, 28, 6, 0),
(957, 28, 7, 0),
(958, 28, 8, 0),
(959, 28, 9, 0),
(960, 28, 10, 3),
(961, 28, 1, 96),
(962, 28, 2, 0),
(963, 28, 3, 0),
(964, 28, 4, 0),
(965, 28, 5, 0),
(966, 28, 6, 0),
(967, 28, 7, 0),
(968, 28, 8, 0),
(969, 28, 9, 0),
(970, 28, 10, 3),
(971, 28, 1, 96),
(972, 28, 2, 0),
(973, 28, 3, 0),
(974, 28, 4, 0),
(975, 28, 5, 0),
(976, 28, 6, 0),
(977, 28, 7, 0),
(978, 28, 8, 0),
(979, 28, 9, 0),
(980, 28, 10, 3),
(981, 28, 1, 96),
(982, 28, 2, 0),
(983, 28, 3, 0),
(984, 28, 4, 0),
(985, 28, 5, 0),
(986, 28, 6, 0),
(987, 28, 7, 0),
(988, 28, 8, 0),
(989, 28, 9, 0),
(990, 28, 10, 3),
(991, 28, 1, 96),
(992, 28, 2, 0),
(993, 28, 3, 0),
(994, 28, 4, 0),
(995, 28, 5, 0),
(996, 28, 6, 0),
(997, 28, 7, 0),
(998, 28, 8, 0),
(999, 28, 9, 0),
(1000, 28, 10, 3),
(1001, 28, 1, 1),
(1002, 28, 2, 99),
(1003, 28, 3, 0),
(1004, 28, 4, 0),
(1005, 28, 5, 0),
(1006, 28, 6, 0),
(1007, 28, 7, 0),
(1008, 28, 8, 0),
(1009, 28, 9, 0),
(1010, 28, 10, 0),
(1011, 28, 1, 1),
(1012, 28, 2, 99),
(1013, 28, 3, 0),
(1014, 28, 4, 0),
(1015, 28, 5, 0),
(1016, 28, 6, 0),
(1017, 28, 7, 0),
(1018, 28, 8, 0),
(1019, 28, 9, 0),
(1020, 28, 10, 0),
(1021, 28, 1, 1),
(1022, 28, 2, 99),
(1023, 28, 3, 0),
(1024, 28, 4, 0),
(1025, 28, 5, 0),
(1026, 28, 6, 0),
(1027, 28, 7, 0),
(1028, 28, 8, 0),
(1029, 28, 9, 0),
(1030, 28, 10, 0),
(1031, 28, 1, 1),
(1032, 28, 2, 99),
(1033, 28, 3, 0),
(1034, 28, 4, 0),
(1035, 28, 5, 0),
(1036, 28, 6, 0),
(1037, 28, 7, 0),
(1038, 28, 8, 0),
(1039, 28, 9, 0),
(1040, 28, 10, 0),
(1041, 29, 1, 2),
(1042, 29, 2, 0),
(1043, 29, 3, 0),
(1044, 29, 4, 87),
(1045, 29, 5, 2),
(1046, 29, 6, 0),
(1047, 29, 7, 0),
(1048, 29, 8, 7),
(1049, 29, 9, 2),
(1050, 29, 10, 0);

-- --------------------------------------------------------

--
-- Struktur dari tabel `tb_jawaban`
--

CREATE TABLE `tb_jawaban` (
  `id_jawaban` varchar(11) NOT NULL,
  `jawaban` varchar(100) NOT NULL,
  `id_pertanyaan` varchar(11) NOT NULL
) ENGINE=InnoDB DEFAULT CHARSET=utf8mb4;

-- --------------------------------------------------------

--
-- Struktur dari tabel `tb_kondisi`
--

CREATE TABLE `tb_kondisi` (
  `id_kondisi` int(11) NOT NULL,
  `nilai` float NOT NULL,
  `kondisi` varchar(15) NOT NULL
) ENGINE=InnoDB DEFAULT CHARSET=utf8mb4;

--
-- Dumping data untuk tabel `tb_kondisi`
--

INSERT INTO `tb_kondisi` (`id_kondisi`, `nilai`, `kondisi`) VALUES
(1, 1, 'Sangat Yakin'),
(2, 0.8, 'Yakin'),
(3, 0.6, 'Cukup Yakin'),
(4, 0.4, 'Sedikit Yakin'),
(5, 0.2, 'Kurang Yakin'),
(6, 0, 'Tidak Yakin');

-- --------------------------------------------------------

--
-- Struktur dari tabel `tb_pasien`
--

CREATE TABLE `tb_pasien` (
  `id_pasien` varchar(11) NOT NULL,
  `nama pasien` varchar(100) NOT NULL,
  `jenis kelamin` varchar(10) NOT NULL,
  `tanggal lahir` varchar(14) NOT NULL,
  `umur` varchar(3) NOT NULL,
  `alamat` varchar(255) NOT NULL,
  `no_teleppon` varchar(14) NOT NULL
) ENGINE=InnoDB DEFAULT CHARSET=utf8mb4;

-- --------------------------------------------------------

--
-- Struktur dari tabel `tb_penyakit`
--

CREATE TABLE `tb_penyakit` (
  `id_penyakit` int(11) NOT NULL,
  `kode_penyakit` varchar(128) NOT NULL,
  `nama_penyakit` varchar(55) NOT NULL,
  `penyakit_image` varchar(128) NOT NULL
) ENGINE=InnoDB DEFAULT CHARSET=utf8mb4;

--
-- Dumping data untuk tabel `tb_penyakit`
--

INSERT INTO `tb_penyakit` (`id_penyakit`, `kode_penyakit`, `nama_penyakit`, `penyakit_image`) VALUES
(1, 'P001', 'tuberculosis', '3be74b74010f5b90ab77e2f3a25eceec.png'),
(2, 'P002', 'Covid-19', '24a7d64ac396bdfbbd554066a0d38614.png'),
(3, 'P003', 'Difteri', '129c22433a9989d68288e1b51480faeb.png'),
(4, 'P004', 'Pneumonia', 'ebcd480ebba4338107e594b9006e3d5e.png');

-- --------------------------------------------------------

--
-- Struktur dari tabel `tb_pertanyaan`
--

CREATE TABLE `tb_pertanyaan` (
  `id_pertanyaan` int(11) NOT NULL,
  `id_gejala_pertanyaan` int(11) NOT NULL,
  `id_pertanyaan_grup` int(11) NOT NULL,
  `pertanyaan` varchar(255) NOT NULL,
  `jawaban_1` varchar(255) NOT NULL,
  `jawaban_2` varchar(255) NOT NULL,
  `jawaban_3` varchar(255) NOT NULL,
  `jawaban_4` varchar(255) NOT NULL
) ENGINE=InnoDB DEFAULT CHARSET=utf8mb4;

--
-- Dumping data untuk tabel `tb_pertanyaan`
--

INSERT INTO `tb_pertanyaan` (`id_pertanyaan`, `id_gejala_pertanyaan`, `id_pertanyaan_grup`, `pertanyaan`, `jawaban_1`, `jawaban_2`, `jawaban_3`, `jawaban_4`) VALUES
(1, 1, 1, 'Apakah dalam kurun waktu kurang dari 1 minggu anda bepergian ke luar kota / luar negeri ?', 'Sangat yakin', 'Yakin', 'Kurang Yakin', 'Tidak Yakin'),
(2, 2, 1, 'Apakah tubuh anda mengalami kelelahan atau lemas (malaise) ?', 'Sangat yakin', 'Yakin', 'Kurang Yakin', 'Tidak Yakin'),
(3, 3, 1, 'Apakah anda mengalami penurunan nafsu makan? ', 'Sangat yakin', 'Yakin', 'Kurang Yakin', 'Tidak Yakin'),
(4, 4, 2, 'Apakah tubuh anda mengalami pegal linu(myalgia)?', 'Sangat yakin', 'Yakin', 'Kurang Yakin', 'Tidak Yakin'),
(5, 5, 2, 'Apakah anda mengalami mual atau muntah ?', 'Sangat yakin', 'Yakin', 'Kurang Yakin', 'Tidak Yakin'),
(6, 6, 2, 'Apakah anda mengalami gangguan perasa ( tidak bisa merasakan makanan)?', 'Sangat yakin', 'Yakin', 'Kurang Yakin', 'Tidak Yakin'),
(7, 7, 3, 'Apakah anda mengalami anosmia (tidak bisa mencium bau)?', 'Sangat yakin', 'Yakin', 'Kurang Yakin', 'Tidak Yakin'),
(8, 8, 3, 'Apakah anda mengalami penurunan berat badan ?', 'Sangat yakin', 'Yakin', 'Kurang Yakin', 'Tidak Yakin'),
(9, 9, 3, 'Apakah anda sering berkeringat tanpa sebab pada malam hari?', 'Sangat yakin', 'Yakin', 'Kurang Yakin', 'Tidak Yakin'),
(10, 10, 4, 'Apakah anda mengalami bersin - bersin?', 'Sangat yakin', 'Yakin', 'Kurang Yakin', 'Tidak Yakin'),
(11, 11, 4, 'Apakah anda mengalami nyeri pada tenggorokan?', 'Sangat yakin', 'Yakin', 'Kurang Yakin', 'Tidak Yakin'),
(12, 12, 4, 'Apakah suara anda berubah menjadi serak ?', 'Sangat yakin', 'Yakin', 'Kurang Yakin', 'Tidak Yakin'),
(13, 13, 5, 'Apakah anda mengalami pilek ?', 'Sangat yakin', 'Yakin', 'Kurang Yakin', 'Tidak Yakin'),
(14, 14, 5, 'Apakah anda mengalami sakit kepala ?', 'Sangat yakin', 'Yakin', 'Kurang Yakin', 'Tidak Yakin');

-- --------------------------------------------------------

--
-- Struktur dari tabel `tb_pertanyaan2`
--

CREATE TABLE `tb_pertanyaan2` (
  `id_pertanyaan2` int(11) NOT NULL,
  `id_pertanyaan_grup2` int(11) NOT NULL,
  `pertanyaan` varchar(100) NOT NULL,
  `jawaban1_pertanyaan2` int(11) NOT NULL,
  `jawaban2_pertanyaan2` int(11) NOT NULL,
  `jawaban3_pertanyaan2` int(11) NOT NULL,
  `jawaban4_pertanyaan2` int(11) NOT NULL
) ENGINE=InnoDB DEFAULT CHARSET=utf8mb4;

--
-- Dumping data untuk tabel `tb_pertanyaan2`
--

INSERT INTO `tb_pertanyaan2` (`id_pertanyaan2`, `id_pertanyaan_grup2`, `pertanyaan`, `jawaban1_pertanyaan2`, `jawaban2_pertanyaan2`, `jawaban3_pertanyaan2`, `jawaban4_pertanyaan2`) VALUES
(1, 1, 'Berapa frekuensi batuk yang anda alami ?', 15, 16, 17, 42),
(2, 1, 'Jenis batuk apa yang anda alami?', 18, 19, 20, 42);

-- --------------------------------------------------------

--
-- Struktur dari tabel `tb_pertanyaan3`
--

CREATE TABLE `tb_pertanyaan3` (
  `id_pertanyaan3` int(11) NOT NULL,
  `id_gejala_pertanyaan3` int(11) NOT NULL,
  `id_pertanyaan_grup` int(11) NOT NULL,
  `pertanyaan` varchar(255) NOT NULL,
  `jawaban_1_pertanyaan_3` varchar(50) NOT NULL,
  `jawaban_2_pertanyaan3` varchar(50) NOT NULL,
  `jawaban_3_pertanyaan3` varchar(50) NOT NULL,
  `jawaban_4_pertanyaan3` varchar(50) NOT NULL
) ENGINE=InnoDB DEFAULT CHARSET=utf8mb4;

--
-- Dumping data untuk tabel `tb_pertanyaan3`
--

INSERT INTO `tb_pertanyaan3` (`id_pertanyaan3`, `id_gejala_pertanyaan3`, `id_pertanyaan_grup`, `pertanyaan`, `jawaban_1_pertanyaan_3`, `jawaban_2_pertanyaan3`, `jawaban_3_pertanyaan3`, `jawaban_4_pertanyaan3`) VALUES
(1, 21, 5, 'fghdhtdgh?', 'hfhf', 'dgdg', 'hfdhd', 'gdgfg');

-- --------------------------------------------------------

--
-- Struktur dari tabel `tb_pertanyaan_grub_2`
--

CREATE TABLE `tb_pertanyaan_grub_2` (
  `id` int(11) NOT NULL,
  `grub` varchar(25) NOT NULL
) ENGINE=InnoDB DEFAULT CHARSET=utf8mb4;

--
-- Dumping data untuk tabel `tb_pertanyaan_grub_2`
--

INSERT INTO `tb_pertanyaan_grub_2` (`id`, `grub`) VALUES
(1, 'grub1'),
(2, 'grub2');

-- --------------------------------------------------------

--
-- Struktur dari tabel `tb_rekomendasi`
--

CREATE TABLE `tb_rekomendasi` (
  `id_rekomendasi` varchar(11) NOT NULL,
  `rekomendasi` text NOT NULL
) ENGINE=InnoDB DEFAULT CHARSET=utf8mb4;

-- --------------------------------------------------------

--
-- Struktur dari tabel `tb_user`
--

CREATE TABLE `tb_user` (
  `user_id` int(11) NOT NULL,
  `user_name` varchar(256) NOT NULL,
  `user_username` varchar(128) NOT NULL,
  `user_email` varchar(256) NOT NULL,
  `user_image` varchar(128) NOT NULL DEFAULT '',
  `user_password` varchar(128) NOT NULL,
  `user_viewpassword` varchar(128) NOT NULL,
  `user_level` varchar(128) NOT NULL,
  `user_created` timestamp NOT NULL DEFAULT current_timestamp() ON UPDATE current_timestamp()
) ENGINE=InnoDB DEFAULT CHARSET=latin1;

--
-- Dumping data untuk tabel `tb_user`
--

INSERT INTO `tb_user` (`user_id`, `user_name`, `user_username`, `user_email`, `user_image`, `user_password`, `user_viewpassword`, `user_level`, `user_created`) VALUES
(3, 'Febiola Putri Yunita', 'superadmin', 'superadmin@gmail.com', 'admin.png', '$2y$10$YvIQJ9PgJfKnc2UPDbtm7.UPVUkXjlVzD0m6lrwiMlBnMCtx..A6O', 'AxenNet123', 'Admin', '2022-04-13 17:52:57');

--
-- Indexes for dumped tables
--

--
-- Indeks untuk tabel `hasil`
--
ALTER TABLE `hasil`
  ADD PRIMARY KEY (`id_hasil`);

--
-- Indeks untuk tabel `paramedis`
--
ALTER TABLE `paramedis`
  ADD PRIMARY KEY (`id_paramedis`);

--
-- Indeks untuk tabel `pertanyaan_grup`
--
ALTER TABLE `pertanyaan_grup`
  ADD PRIMARY KEY (`id_pertanyaan_grup`);

--
-- Indeks untuk tabel `tb_artikel`
--
ALTER TABLE `tb_artikel`
  ADD PRIMARY KEY (`artikel_id`);

--
-- Indeks untuk tabel `tb_deteksi_pasien`
--
ALTER TABLE `tb_deteksi_pasien`
  ADD PRIMARY KEY (`id_deteksi_pasien`);

--
-- Indeks untuk tabel `tb_evidence`
--
ALTER TABLE `tb_evidence`
  ADD PRIMARY KEY (`evidence_id`);

--
-- Indeks untuk tabel `tb_gejala`
--
ALTER TABLE `tb_gejala`
  ADD PRIMARY KEY (`id_gejala`);

--
-- Indeks untuk tabel `tb_hasilkonsultasi`
--
ALTER TABLE `tb_hasilkonsultasi`
  ADD PRIMARY KEY (`hasildeteksi_id`);

--
-- Indeks untuk tabel `tb_jawaban`
--
ALTER TABLE `tb_jawaban`
  ADD PRIMARY KEY (`id_jawaban`);

--
-- Indeks untuk tabel `tb_kondisi`
--
ALTER TABLE `tb_kondisi`
  ADD PRIMARY KEY (`id_kondisi`);

--
-- Indeks untuk tabel `tb_pasien`
--
ALTER TABLE `tb_pasien`
  ADD PRIMARY KEY (`id_pasien`);

--
-- Indeks untuk tabel `tb_penyakit`
--
ALTER TABLE `tb_penyakit`
  ADD PRIMARY KEY (`id_penyakit`);

--
-- Indeks untuk tabel `tb_pertanyaan`
--
ALTER TABLE `tb_pertanyaan`
  ADD PRIMARY KEY (`id_pertanyaan`);

--
-- Indeks untuk tabel `tb_pertanyaan2`
--
ALTER TABLE `tb_pertanyaan2`
  ADD PRIMARY KEY (`id_pertanyaan2`);

--
-- Indeks untuk tabel `tb_pertanyaan3`
--
ALTER TABLE `tb_pertanyaan3`
  ADD PRIMARY KEY (`id_pertanyaan3`);

--
-- Indeks untuk tabel `tb_pertanyaan_grub_2`
--
ALTER TABLE `tb_pertanyaan_grub_2`
  ADD PRIMARY KEY (`id`);

--
-- Indeks untuk tabel `tb_rekomendasi`
--
ALTER TABLE `tb_rekomendasi`
  ADD PRIMARY KEY (`id_rekomendasi`);

--
-- Indeks untuk tabel `tb_user`
--
ALTER TABLE `tb_user`
  ADD PRIMARY KEY (`user_id`);

--
-- AUTO_INCREMENT untuk tabel yang dibuang
--

--
-- AUTO_INCREMENT untuk tabel `hasil`
--
ALTER TABLE `hasil`
  MODIFY `id_hasil` int(10) NOT NULL AUTO_INCREMENT, AUTO_INCREMENT=334;

--
-- AUTO_INCREMENT untuk tabel `pertanyaan_grup`
--
ALTER TABLE `pertanyaan_grup`
  MODIFY `id_pertanyaan_grup` int(11) NOT NULL AUTO_INCREMENT, AUTO_INCREMENT=13;

--
-- AUTO_INCREMENT untuk tabel `tb_artikel`
--
ALTER TABLE `tb_artikel`
  MODIFY `artikel_id` int(11) NOT NULL AUTO_INCREMENT, AUTO_INCREMENT=5;

--
-- AUTO_INCREMENT untuk tabel `tb_deteksi_pasien`
--
ALTER TABLE `tb_deteksi_pasien`
  MODIFY `id_deteksi_pasien` int(11) NOT NULL AUTO_INCREMENT, AUTO_INCREMENT=89;

--
-- AUTO_INCREMENT untuk tabel `tb_evidence`
--
ALTER TABLE `tb_evidence`
  MODIFY `evidence_id` int(11) NOT NULL AUTO_INCREMENT, AUTO_INCREMENT=78;

--
-- AUTO_INCREMENT untuk tabel `tb_gejala`
--
ALTER TABLE `tb_gejala`
  MODIFY `id_gejala` int(11) NOT NULL AUTO_INCREMENT, AUTO_INCREMENT=106;

--
-- AUTO_INCREMENT untuk tabel `tb_hasilkonsultasi`
--
ALTER TABLE `tb_hasilkonsultasi`
  MODIFY `hasildeteksi_id` int(11) NOT NULL AUTO_INCREMENT, AUTO_INCREMENT=1051;

--
-- AUTO_INCREMENT untuk tabel `tb_kondisi`
--
ALTER TABLE `tb_kondisi`
  MODIFY `id_kondisi` int(11) NOT NULL AUTO_INCREMENT, AUTO_INCREMENT=7;

--
-- AUTO_INCREMENT untuk tabel `tb_penyakit`
--
ALTER TABLE `tb_penyakit`
  MODIFY `id_penyakit` int(11) NOT NULL AUTO_INCREMENT, AUTO_INCREMENT=5;

--
-- AUTO_INCREMENT untuk tabel `tb_pertanyaan`
--
ALTER TABLE `tb_pertanyaan`
  MODIFY `id_pertanyaan` int(11) NOT NULL AUTO_INCREMENT, AUTO_INCREMENT=16;

--
-- AUTO_INCREMENT untuk tabel `tb_pertanyaan2`
--
ALTER TABLE `tb_pertanyaan2`
  MODIFY `id_pertanyaan2` int(11) NOT NULL AUTO_INCREMENT, AUTO_INCREMENT=3;

--
-- AUTO_INCREMENT untuk tabel `tb_pertanyaan3`
--
ALTER TABLE `tb_pertanyaan3`
  MODIFY `id_pertanyaan3` int(11) NOT NULL AUTO_INCREMENT, AUTO_INCREMENT=2;

--
-- AUTO_INCREMENT untuk tabel `tb_pertanyaan_grub_2`
--
ALTER TABLE `tb_pertanyaan_grub_2`
  MODIFY `id` int(11) NOT NULL AUTO_INCREMENT, AUTO_INCREMENT=3;

--
-- AUTO_INCREMENT untuk tabel `tb_user`
--
ALTER TABLE `tb_user`
  MODIFY `user_id` int(11) NOT NULL AUTO_INCREMENT, AUTO_INCREMENT=7;
COMMIT;

/*!40101 SET CHARACTER_SET_CLIENT=@OLD_CHARACTER_SET_CLIENT */;
/*!40101 SET CHARACTER_SET_RESULTS=@OLD_CHARACTER_SET_RESULTS */;
/*!40101 SET COLLATION_CONNECTION=@OLD_COLLATION_CONNECTION */;
